date,real_gdp_gdpc1,cpi_cpiaucsl_quarterly_avg,ffr_fedfunds_quarterly_avg
1954-07-01,2880.482000,26.840000,1.030000
1954-10-01,2936.852000,26.756667,0.986667
1955-01-01,3020.746000,26.793333,1.343333
1955-04-01,3069.910000,26.756667,1.500000
1955-07-01,3111.379000,26.776667,1.940000
1955-10-01,3130.068000,26.856667,2.356667
1956-01-01,3117.922000,26.860000,2.483333
1956-04-01,3143.694000,27.036667,2.693333
1956-07-01,3140.874000,27.316667,2.810000
1956-10-01,3192.570000,27.550000,2.926667
1957-01-01,3213.011000,27.776667,2.933333
1957-04-01,3205.970000,28.013333,3.000000
1957-07-01,3237.386000,28.263333,3.233333
1957-10-01,3203.894000,28.400000,3.253333
1958-01-01,3120.724000,28.736667,1.863333
1958-04-01,3141.224000,28.930000,0.940000
1958-07-01,3213.884000,28.913333,1.323333
1958-10-01,3289.032000,28.943333,2.163333
1959-01-01,3352.129000,28.993333,2.570000
1959-04-01,3427.667000,29.043333,3.083333
1959-07-01,3430.057000,29.193333,3.576667
1959-10-01,3439.832000,29.370000,3.990000
1960-01-01,3517.181000,29.396667,3.933333
1960-04-01,3498.246000,29.573333,3.696667
1960-07-01,3515.385000,29.590000,2.936667
1960-10-01,3470.278000,29.780000,2.296667
1961-01-01,3493.703000,29.840000,2.003333
1961-04-01,3553.021000,29.830000,1.733333
1961-07-01,3621.252000,29.946667,1.683333
1961-10-01,3692.289000,29.990000,2.400000
1962-01-01,3758.147000,30.106667,2.456667
1962-04-01,3792.149000,30.220000,2.606667
1962-07-01,3838.776000,30.306667,2.846667
1962-10-01,3851.421000,30.380000,2.923333
1963-01-01,3893.482000,30.476667,2.966667
1963-04-01,3937.183000,30.533333,2.963333
1963-07-01,4023.755000,30.720000,3.330000
1963-10-01,4050.147000,30.803333,3.453333
1964-01-01,4135.553000,30.930000,3.463333
1964-04-01,4180.592000,30.980000,3.490000
1964-07-01,4245.918000,31.050000,3.456667
1964-10-01,4259.046000,31.193333,3.576667
1965-01-01,4362.111000,31.290000,3.976667
1965-04-01,4417.225000,31.490000,4.080000
1965-07-01,4515.427000,31.583333,4.076667
1965-10-01,4619.458000,31.750000,4.166667
1966-01-01,4731.888000,32.046667,4.560000
1966-04-01,4748.046000,32.336667,4.913333
1966-07-01,4788.254000,32.616667,5.410000
1966-10-01,4827.537000,32.883333,5.563333
1967-01-01,4870.299000,32.966667,4.823333
1967-04-01,4873.287000,33.166667,3.990000
1967-07-01,4919.392000,33.500000,3.893333
1967-10-01,4956.477000,33.866667,4.173333
1968-01-01,5057.553000,34.200000,4.790000
1968-04-01,5142.033000,34.533333,5.983333
1968-07-01,5181.859000,35.000000,5.946667
1968-10-01,5202.212000,35.433333,5.916667
1969-01-01,5283.597000,35.866667,6.566667
1969-04-01,5299.625000,36.433333,8.326667
1969-07-01,5334.600000,36.933333,8.983333
1969-10-01,5308.556000,37.500000,8.940000
1970-01-01,5300.652000,38.100000,8.573333
1970-04-01,5308.164000,38.633333,7.886667
1970-07-01,5357.077000,39.033333,6.706667
1970-10-01,5299.672000,39.600000,5.566667
1971-01-01,5443.619000,39.933333,3.856667
1971-04-01,5473.059000,40.300000,4.566667
1971-07-01,5518.072000,40.700000,5.476667
1971-10-01,5531.032000,41.000000,4.750000
1972-01-01,5632.649000,41.333333,3.546667
1972-04-01,5760.470000,41.600000,4.300000
1972-07-01,5814.854000,41.933333,4.743333
1972-10-01,5912.220000,42.366667,5.146667
1973-01-01,6058.544000,43.033333,6.536667
1973-04-01,6124.506000,43.933333,7.816667
1973-07-01,6092.301000,44.800000,10.560000
1973-10-01,6150.131000,45.933333,9.996667
1974-01-01,6097.258000,47.300000,9.323333
1974-04-01,6111.751000,48.566667,11.250000
1974-07-01,6053.978000,49.933333,12.090000
1974-10-01,6030.464000,51.466667,9.346667
1975-01-01,5957.035000,52.566667,6.303333
1975-04-01,5999.610000,53.200000,5.420000
1975-07-01,6102.326000,54.266667,6.160000
1975-10-01,6184.530000,55.266667,5.413333
1976-01-01,6323.649000,55.900000,4.826667
1976-04-01,6370.025000,56.400000,5.196667
1976-07-01,6404.895000,57.300000,5.283333
1976-10-01,6451.177000,58.133333,4.873333
1977-01-01,6527.703000,59.200000,4.660000
1977-04-01,6654.466000,60.233333,5.156667
1977-07-01,6774.457000,61.066667,5.820000
1977-10-01,6774.592000,61.966667,6.513333
1978-01-01,6796.260000,63.033333,6.756667
1978-04-01,7058.920000,64.466667,7.283333
1978-07-01,7129.915000,65.966667,8.100000
1978-10-01,7225.750000,67.500000,9.583333
1979-01-01,7238.727000,69.200000,10.073333
1979-04-01,7246.454000,71.400000,10.180000
1979-07-01,7300.281000,73.700000,10.946667
1979-10-01,7318.535000,76.033333,13.576667
1980-01-01,7341.557000,79.033333,15.046667
1980-04-01,7190.289000,81.700000,12.686667
1980-07-01,7181.743000,83.233333,9.836667
1980-10-01,7315.677000,85.566667,15.853333
1981-01-01,7459.022000,87.933333,16.570000
1981-04-01,7403.745000,89.766667,17.780000
1981-07-01,7492.405000,92.266667,17.576667
1981-10-01,7410.768000,93.766667,13.586667
1982-01-01,7295.631000,94.600000,14.226667
1982-04-01,7328.912000,95.966667,14.513333
1982-07-01,7300.896000,97.633333,11.006667
1982-10-01,7303.817000,97.933333,9.286667
1983-01-01,7400.066000,98.000000,8.653333
1983-04-01,7568.456000,99.133333,8.803333
1983-07-01,7719.746000,100.100000,9.460000
1983-10-01,7880.794000,101.100000,9.430000
1984-01-01,8034.847000,102.533333,9.686667
1984-04-01,8173.670000,103.500000,10.556667
1984-07-01,8252.465000,104.400000,11.390000
1984-10-01,8320.199000,105.300000,9.266667
1985-01-01,8400.820000,106.266667,8.476667
1985-04-01,8474.787000,107.233333,7.923333
1985-07-01,8604.220000,107.900000,7.900000
1985-10-01,8668.188000,109.000000,8.103333
1986-01-01,8749.127000,109.566667,7.826667
1986-04-01,8788.524000,109.033333,6.920000
1986-07-01,8872.601000,109.700000,6.206667
1986-10-01,8920.193000,110.466667,6.266667
1987-01-01,8986.367000,111.800000,6.220000
1987-04-01,9083.256000,113.066667,6.650000
1987-07-01,9162.024000,114.266667,6.843333
1987-10-01,9319.332000,115.333333,6.916667
1988-01-01,9367.502000,116.233333,6.663333
1988-04-01,9490.594000,117.566667,7.156667
1988-07-01,9546.206000,119.000000,7.983333
1988-10-01,9673.405000,120.300000,8.470000
1989-01-01,9771.725000,121.666667,9.443333
1989-04-01,9846.293000,123.633333,9.726667
1989-07-01,9919.228000,124.600000,9.083333
1989-10-01,9938.767000,125.866667,8.613333
1990-01-01,10047.386000,128.033333,8.250000
1990-04-01,10083.855000,129.300000,8.243333
1990-07-01,10090.569000,131.533333,8.160000
1990-10-01,9998.704000,133.766667,7.743333
1991-01-01,9951.916000,134.766667,6.426667
1991-04-01,10029.510000,135.566667,5.863333
1991-07-01,10080.195000,136.600000,5.643333
1991-10-01,10115.329000,137.733333,4.816667
1992-01-01,10236.435000,138.666667,4.023333
1992-04-01,10347.429000,139.733333,3.770000
1992-07-01,10449.673000,140.800000,3.256667
1992-10-01,10558.648000,142.033333,3.036667
1993-01-01,10576.275000,143.066667,3.040000
1993-04-01,10637.847000,144.100000,3.000000
1993-07-01,10688.606000,144.766667,3.060000
1993-10-01,10833.987000,145.966667,2.990000
1994-01-01,10939.116000,146.700000,3.213333
1994-04-01,11087.361000,147.533333,3.940000
1994-07-01,11152.176000,148.900000,4.486667
1994-10-01,11279.932000,149.766667,5.166667
1995-01-01,11319.951000,150.866667,5.810000
1995-04-01,11353.721000,152.100000,6.020000
1995-07-01,11450.310000,152.866667,5.796667
1995-10-01,11528.067000,153.700000,5.720000
1996-01-01,11614.418000,155.066667,5.363333
1996-04-01,11808.140000,156.400000,5.243333
1996-07-01,11914.063000,157.300000,5.306667
1996-10-01,12037.775000,158.666667,5.280000
1997-01-01,12115.472000,159.633333,5.276667
1997-04-01,12317.221000,160.000000,5.523333
1997-07-01,12471.010000,160.800000,5.533333
1997-10-01,12577.495000,161.666667,5.506667
1998-01-01,12703.742000,162.000000,5.520000
1998-04-01,12821.339000,162.533333,5.500000
1998-07-01,12982.752000,163.366667,5.533333
1998-10-01,13191.670000,164.133333,4.860000
1999-01-01,13315.597000,164.733333,4.733333
1999-04-01,13426.748000,165.966667,4.746667
1999-07-01,13604.771000,167.200000,5.093333
1999-10-01,13827.980000,168.433333,5.306667
2000-01-01,13878.147000,170.100000,5.676667
2000-04-01,14130.908000,171.433333,6.273333
2000-07-01,14145.312000,173.000000,6.520000
2000-10-01,14229.765000,174.233333,6.473333
2001-01-01,14183.120000,175.900000,5.593333
2001-04-01,14271.694000,177.133333,4.326667
2001-07-01,14214.516000,177.633333,3.496667
2001-10-01,14253.574000,177.500000,2.133333
2002-01-01,14372.785000,178.066667,1.733333
2002-04-01,14460.848000,179.466667,1.750000
2002-07-01,14519.633000,180.433333,1.740000
2002-10-01,14537.580000,181.500000,1.443333
2003-01-01,14614.141000,183.366667,1.250000
2003-04-01,14743.567000,183.066667,1.246667
2003-07-01,14988.782000,184.433333,1.016667
2003-10-01,15162.760000,185.133333,0.996667
2004-01-01,15248.680000,186.700000,1.003333
2004-04-01,15366.850000,188.166667,1.010000
2004-07-01,15512.619000,189.366667,1.433333
2004-10-01,15670.880000,191.400000,1.950000
2005-01-01,15844.727000,192.366667,2.470000
2005-04-01,15922.782000,193.666667,2.943333
2005-07-01,16047.587000,196.600000,3.460000
2005-10-01,16136.734000,198.433333,3.980000
2006-01-01,16353.835000,199.466667,4.456667
2006-04-01,16396.151000,201.266667,4.906667
2006-07-01,16420.738000,203.166667,5.246667
2006-10-01,16561.866000,202.333333,5.246667
2007-01-01,16611.690000,204.317000,5.256667
2007-04-01,16713.314000,206.631000,5.250000
2007-07-01,16809.587000,207.939000,5.073333
2007-10-01,16915.191000,210.489667,4.496667
2008-01-01,16843.003000,212.769667,3.176667
2008-04-01,16943.291000,215.537667,2.086667
2008-07-01,16854.295000,218.861000,1.940000
2008-10-01,16485.350000,213.848667,0.506667
2009-01-01,16298.262000,212.377667,0.183333
2009-04-01,16269.145000,213.507000,0.180000
2009-07-01,16326.281000,215.344000,0.156667
2009-10-01,16502.754000,217.030000,0.120000
2010-01-01,16582.710000,217.374000,0.133333
2010-04-01,16743.162000,217.297333,0.193333
2010-07-01,16872.266000,217.934333,0.186667
2010-10-01,16960.864000,219.699000,0.186667
2011-01-01,16920.632000,222.043667,0.156667
2011-04-01,17035.114000,224.568333,0.093333
2011-07-01,17031.313000,226.032667,0.083333
2011-10-01,17222.583000,227.047333,0.073333
2012-01-01,17367.010000,228.326000,0.103333
2012-04-01,17444.525000,228.808000,0.153333
2012-07-01,17469.650000,229.841000,0.143333
2012-10-01,17489.852000,231.369333,0.160000
2013-01-01,17662.400000,232.299333,0.143333
2013-04-01,17709.671000,232.045000,0.116667
2013-07-01,17860.450000,233.300000,0.083333
2013-10-01,18016.147000,234.162667,0.086667
2014-01-01,17953.974000,235.621000,0.073333
2014-04-01,18185.911000,236.872333,0.093333
2014-07-01,18406.941000,237.478333,0.090000
2014-10-01,18500.031000,236.888333,0.100000
2015-01-01,18666.621000,235.355000,0.110000
2015-04-01,18782.243000,236.960000,0.123333
2015-07-01,18857.418000,237.855000,0.136667
2015-10-01,18892.206000,237.837000,0.160000
2016-01-01,19001.690000,237.689333,0.360000
2016-04-01,19062.709000,239.590333,0.373333
2016-07-01,19197.938000,240.607333,0.396667
2016-10-01,19304.352000,242.134667,0.450000
2017-01-01,19398.343000,243.838667,0.700000
2017-04-01,19506.949000,244.120000,0.950000
2017-07-01,19660.766000,245.287000,1.153333
2017-10-01,19882.352000,247.238333,1.203333
2018-01-01,20044.077000,249.321667,1.446667
2018-04-01,20150.476000,250.679000,1.736667
2018-07-01,20276.154000,251.686333,1.923333
2018-10-01,20304.874000,252.711000,2.220000
2019-01-01,20431.641000,253.385667,2.403333
2019-04-01,20602.275000,255.247333,2.396667
2019-07-01,20843.322000,256.089333,2.190000
2019-10-01,20985.448000,257.888000,1.643333
2020-01-01,20709.212000,258.817667,1.260000
2020-04-01,19077.992000,256.292000,0.060000
2020-07-01,20558.879000,259.221667,0.093333
2020-10-01,20791.917000,261.091667,0.090000
2021-01-01,21106.619000,263.742333,0.080000
2021-04-01,21474.077000,268.550333,0.070000
2021-07-01,21641.672000,272.829667,0.090000
2021-10-01,22001.640000,278.771333,0.080000
2022-01-01,21945.682000,284.905667,0.120000
2022-04-01,21976.292000,291.605333,0.770000
2022-07-01,22124.384000,295.453000,2.190000
2022-10-01,22272.546000,298.541667,3.653333
2023-01-01,22456.938000,301.230333,4.516667
2023-04-01,22577.556000,303.397667,4.990000
2023-07-01,22828.796000,305.989000,5.260000
2023-10-01,23033.250000,308.195000,5.330000
2024-01-01,23115.975000,311.003333,5.330000
2024-04-01,23320.074000,313.080667,5.330000
2024-07-01,23501.760000,314.121000,5.263333
2024-10-01,23641.759000,316.587667,4.650000
2025-01-01,23650.213000,319.475000,4.330000
2025-04-01,23884.563000,320.785667,4.330000
2025-07-01,24112.966000,323.235000,4.293333
2025-10-01,24125.479000,325.547000,3.896667
2026-01-01,24274.383000,328.113667,3.640000
2026-04-01,24408.011000,332.984667,3.633333
