date,gdp_logdiff_pct,cpi_logdiff_pct,ffr_raw_pct,real_gdp_level,cpi_level
1954-10-01,1.938062,-0.310965,0.986667,2936.852000,26.756667
1955-01-01,2.816556,0.136944,1.343333,3020.746000,26.793333
1955-04-01,1.614442,-0.136944,1.500000,3069.910000,26.756667
1955-07-01,1.341779,0.074720,1.940000,3111.379000,26.776667
1955-10-01,0.598869,0.298322,2.356667,3130.068000,26.856667
1956-01-01,-0.388798,0.012411,2.483333,3117.922000,26.860000
1956-04-01,0.823179,0.655578,2.693333,3143.694000,27.036667
1956-07-01,-0.089744,1.030305,2.810000,3140.874000,27.316667
1956-10-01,1.632513,0.850552,2.926667,3192.570000,27.550000
1957-01-01,0.638227,0.819380,2.933333,3213.011000,27.776667
1957-04-01,-0.219381,0.848425,3.000000,3205.970000,28.013333
1957-07-01,0.975152,0.888474,3.233333,3237.386000,28.263333
1957-10-01,-1.039927,0.482382,3.253333,3203.894000,28.400000
1958-01-01,-2.630192,1.178475,1.863333,3120.724000,28.736667
1958-04-01,0.654751,0.670523,0.940000,3141.224000,28.930000
1958-07-01,2.286764,-0.057627,1.323333,3213.884000,28.913333
1958-10-01,2.311312,0.103705,2.163333,3289.032000,28.943333
1959-01-01,1.900237,0.172602,2.570000,3352.129000,28.993333
1959-04-01,2.228419,0.172305,3.083333,3427.667000,29.043333
1959-07-01,0.069702,0.515141,3.576667,3430.057000,29.193333
1959-10-01,0.284575,0.603337,3.990000,3439.832000,29.370000
1960-01-01,2.223718,0.090754,3.933333,3517.181000,29.396667
1960-04-01,-0.539812,0.599177,3.696667,3498.246000,29.573333
1960-07-01,0.488735,0.056341,2.936667,3515.385000,29.590000
1960-10-01,-1.291434,0.640056,2.296667,3470.278000,29.780000
1961-01-01,0.672750,0.201275,2.003333,3493.703000,29.840000
1961-04-01,1.683602,-0.033518,1.733333,3553.021000,29.830000
1961-07-01,1.902159,0.390342,1.683333,3621.252000,29.946667
1961-10-01,1.942677,0.144597,2.400000,3692.289000,29.990000
1962-01-01,1.767943,0.388264,2.456667,3758.147000,30.106667
1962-04-01,0.900686,0.375733,2.606667,3792.149000,30.220000
1962-07-01,1.222069,0.286375,2.846667,3838.776000,30.306667
1962-10-01,0.328861,0.241679,2.923333,3851.421000,30.380000
1963-01-01,1.086170,0.317687,2.966667,3893.482000,30.476667
1963-04-01,1.116162,0.185762,2.963333,3937.183000,30.533333
1963-07-01,2.175005,0.609493,3.330000,4023.755000,30.720000
1963-10-01,0.653763,0.270900,3.453333,4050.147000,30.803333
1964-01-01,2.086788,0.410368,3.463333,4135.553000,30.930000
1964-04-01,1.083181,0.161525,3.490000,4180.592000,30.980000
1964-07-01,1.550519,0.225697,3.456667,4245.918000,31.050000
1964-10-01,0.308714,0.460559,3.576667,4259.046000,31.193333
1965-01-01,2.391092,0.309416,3.976667,4362.111000,31.290000
1965-04-01,1.255556,0.637148,4.080000,4417.225000,31.490000
1965-07-01,2.198809,0.295952,4.076667,4515.427000,31.583333
1965-10-01,2.277763,0.526317,4.166667,4619.458000,31.750000
1966-01-01,2.404690,0.930045,4.560000,4731.888000,32.046667
1966-04-01,0.340889,0.900860,4.913333,4748.046000,32.336667
1966-07-01,0.843267,0.862163,5.410000,4788.254000,32.616667
1966-10-01,0.817056,0.814254,5.563333,4827.537000,32.883333
1967-01-01,0.881893,0.253101,4.823333,4870.299000,32.966667
1967-04-01,0.061333,0.604841,3.990000,4873.287000,33.166667
1967-07-01,0.941629,1.000008,3.893333,4919.392000,33.500000
1967-10-01,0.751026,1.088581,4.173333,4956.477000,33.866667
1968-01-01,2.018756,0.979440,4.790000,5057.553000,34.200000
1968-04-01,1.656576,0.969940,5.983333,5142.033000,34.533333
1968-07-01,0.771535,1.342302,5.946667,5181.859000,35.000000
1968-10-01,0.392005,1.230494,5.916667,5202.212000,35.433333
1969-01-01,1.552320,1.215536,6.566667,5283.597000,35.866667
1969-04-01,0.302895,1.567575,8.326667,5299.625000,36.433333
1969-07-01,0.657784,1.363038,8.983333,5334.600000,36.933333
1969-10-01,-0.489405,1.522645,8.940000,5308.556000,37.500000
1970-01-01,-0.149003,1.587335,8.573333,5300.652000,38.100000
1970-04-01,0.141618,1.390118,7.886667,5308.164000,38.633333
1970-07-01,0.917248,1.030052,6.706667,5357.077000,39.033333
1970-10-01,-1.077356,1.441314,5.566667,5299.672000,39.600000
1971-01-01,2.679917,0.838228,3.856667,5443.619000,39.933333
1971-04-01,0.539360,0.914007,4.566667,5473.059000,40.300000
1971-07-01,0.819083,0.987662,5.476667,5518.072000,40.700000
1971-10-01,0.234589,0.734397,4.750000,5531.032000,41.000000
1972-01-01,1.820543,0.809721,3.546667,5632.649000,41.333333
1972-04-01,2.243922,0.643089,4.300000,5760.470000,41.600000
1972-07-01,0.939661,0.798089,4.743333,5814.854000,41.933333
1972-10-01,1.660572,1.028083,5.146667,5912.220000,42.366667
1973-01-01,2.444811,1.561312,6.536667,6058.544000,43.033333
1973-04-01,1.082859,2.069832,7.816667,6124.506000,43.933333
1973-07-01,-0.527226,1.953481,10.560000,6092.301000,44.800000
1973-10-01,0.944754,2.498293,9.996667,6150.131000,45.933333
1974-01-01,-0.863422,2.931923,9.323333,6097.258000,47.300000
1974-04-01,0.237415,2.642713,11.250000,6111.751000,48.566667
1974-07-01,-0.949773,2.775136,12.090000,6053.978000,49.933333
1974-10-01,-0.389162,3.024557,9.346667,6030.464000,51.466667
1975-01-01,-1.225108,2.114786,6.303333,5957.035000,52.566667
1975-04-01,0.712159,1.197619,5.420000,5999.610000,53.200000
1975-07-01,1.697554,1.985177,6.160000,6102.326000,54.266667
1975-10-01,1.338100,1.825979,5.413333,6184.530000,55.266667
1976-01-01,2.224540,1.139443,4.826667,6323.649000,55.900000
1976-04-01,0.730698,0.890478,5.196667,6370.025000,56.400000
1976-07-01,0.545915,1.583147,5.283333,6404.895000,57.300000
1976-10-01,0.720005,1.443860,4.873333,6451.177000,58.133333
1977-01-01,1.179253,1.818232,4.660000,6527.703000,59.200000
1977-04-01,1.923309,1.730437,5.156667,6654.466000,60.233333
1977-07-01,1.787101,1.374025,5.820000,6774.457000,61.066667
1977-10-01,0.001993,1.463044,6.513333,6774.592000,61.966667
1978-01-01,0.319332,1.706708,6.756667,6796.260000,63.033333
1978-04-01,3.791960,2.248461,7.283333,7058.920000,64.466667
1978-07-01,1.000725,2.300127,8.100000,7129.915000,65.966667
1978-10-01,1.335172,2.297803,9.583333,7225.750000,67.500000
1979-01-01,0.179433,2.487326,10.073333,7238.727000,69.200000
1979-04-01,0.106688,3.129701,10.180000,7246.454000,71.400000
1979-07-01,0.740059,3.170493,10.946667,7300.281000,73.700000
1979-10-01,0.249733,3.116904,13.576667,7318.535000,76.033333
1980-01-01,0.314077,3.869786,15.046667,7341.557000,79.033333
1980-04-01,-2.081958,3.318430,12.686667,7190.289000,81.700000
1980-07-01,-0.118925,1.859391,9.836667,7181.743000,83.233333
1980-10-01,1.847747,2.764789,15.853333,7315.677000,85.566667
1981-01-01,1.940473,2.728315,16.570000,7459.022000,87.933333
1981-04-01,-0.743835,2.063476,17.780000,7403.745000,89.766667
1981-07-01,1.190389,2.746922,17.576667,7492.405000,92.266667
1981-10-01,-1.095576,1.612649,13.586667,7410.768000,93.766667
1982-01-01,-1.565840,0.884805,14.226667,7295.631000,94.600000
1982-04-01,0.455140,1.434343,14.513333,7328.912000,95.966667
1982-07-01,-0.382999,1.721806,11.006667,7300.896000,97.633333
1982-10-01,0.040001,0.306801,9.286667,7303.817000,97.933333
1983-01-01,1.309183,0.068050,8.653333,7400.066000,98.000000
1983-04-01,2.250016,1.149827,8.803333,7568.456000,99.133333
1983-07-01,1.979238,0.970394,9.460000,7719.746000,100.100000
1983-10-01,2.064720,0.994044,9.430000,7880.794000,101.100000
1984-01-01,1.935930,1.407782,9.686667,8034.847000,102.533333
1984-04-01,1.713006,0.938366,10.556667,8173.670000,103.500000
1984-07-01,0.959393,0.865806,11.390000,8252.465000,104.400000
1984-10-01,0.817423,0.858374,9.266667,8320.199000,105.300000
1985-01-01,0.964315,0.913824,8.476667,8400.820000,106.266667
1985-04-01,0.876620,0.905549,7.923333,8474.787000,107.233333
1985-07-01,1.515726,0.619773,7.900000,8604.220000,107.900000
1985-10-01,0.740699,1.014301,8.103333,8668.188000,109.000000
1986-01-01,0.929415,0.518531,7.826667,8749.127000,109.566667
1986-04-01,0.449286,-0.487955,6.920000,8788.524000,109.033333
1986-07-01,0.952121,0.609572,6.206667,8872.601000,109.700000
1986-10-01,0.534959,0.696445,6.266667,8920.193000,110.466667
1987-01-01,0.739107,1.199774,6.220000,8986.367000,111.800000
1987-04-01,1.072407,1.126605,6.650000,9083.256000,113.066667
1987-07-01,0.863440,1.055728,6.843333,9162.024000,114.266667
1987-10-01,1.702384,0.929159,6.916667,9319.332000,115.333333
1988-01-01,0.515551,0.777318,6.663333,9367.502000,116.233333
1988-04-01,1.305474,1.140588,7.156667,9490.594000,117.566667
1988-07-01,0.584260,1.211794,7.983333,9546.206000,119.000000
1988-10-01,1.323657,1.086513,8.470000,9673.405000,120.300000
1989-01-01,1.011264,1.129644,9.443333,9771.725000,121.666667
1989-04-01,0.760203,1.603513,9.726667,9846.293000,123.633333
1989-07-01,0.738006,0.778841,9.083333,9919.228000,124.600000
1989-10-01,0.196787,1.011454,8.613333,9938.767000,125.866667
1990-01-01,1.086953,1.706750,8.250000,10047.386000,128.033333
1990-04-01,0.362313,0.984464,8.243333,10083.855000,129.300000
1990-07-01,0.066560,1.712502,8.160000,10090.569000,131.533333
1990-10-01,-0.914574,1.683668,7.743333,9998.704000,133.766667
1991-01-01,-0.469039,0.744790,6.426667,9951.916000,134.766667
1991-04-01,0.776665,0.591864,5.863333,10029.510000,135.566667
1991-07-01,0.504086,0.759342,5.643333,10080.195000,136.600000
1991-10-01,0.347939,0.826250,4.816667,10115.329000,137.733333
1992-01-01,1.190142,0.675352,4.023333,10236.435000,138.666667
1992-04-01,1.078467,0.766287,3.770000,10347.429000,139.733333
1992-07-01,0.983260,0.760460,3.256667,10449.673000,140.800000
1992-10-01,1.037455,0.872133,3.036667,10558.648000,142.033333
1993-01-01,0.166805,0.724895,3.040000,10576.275000,143.066667
1993-04-01,0.580483,0.719678,3.000000,10637.847000,144.100000
1993-07-01,0.476020,0.461575,3.060000,10688.606000,144.766667
1993-10-01,1.350982,0.825503,2.990000,10833.987000,145.966667
1994-01-01,0.965685,0.501140,3.213333,10939.116000,146.700000
1994-04-01,1.346082,0.566445,3.940000,11087.361000,147.533333
1994-07-01,0.582882,0.922080,4.486667,11152.176000,148.900000
1994-10-01,1.139058,0.580359,5.166667,11279.932000,149.766667
1995-01-01,0.354153,0.731792,5.810000,11319.951000,150.866667
1995-04-01,0.297879,0.814175,6.020000,11353.721000,152.100000
1995-07-01,0.847127,0.502788,5.796667,11450.310000,152.866667
1995-10-01,0.676787,0.543657,5.720000,11528.067000,153.700000
1996-01-01,0.746259,0.885248,5.363333,11614.418000,155.066667
1996-04-01,1.654187,0.856170,5.243333,11808.140000,156.400000
1996-07-01,0.893034,0.573798,5.306667,11914.063000,157.300000
1996-10-01,1.033016,0.865076,5.280000,12037.775000,158.666667
1997-01-01,0.643369,0.607395,5.276667,12115.472000,159.633333
1997-04-01,1.651505,0.229430,5.523333,12317.221000,160.000000
1997-07-01,1.240839,0.498754,5.533333,12471.010000,160.800000
1997-10-01,0.850236,0.537525,5.506667,12577.495000,161.666667
1998-01-01,0.998749,0.205973,5.520000,12703.742000,162.000000
1998-04-01,0.921430,0.328677,5.500000,12821.339000,162.533333
1998-07-01,1.251082,0.511405,5.533333,12982.752000,163.366667
1998-10-01,1.596386,0.468194,4.860000,13191.670000,164.133333
1999-01-01,0.935049,0.364890,4.733333,13315.597000,164.733333
1999-04-01,0.831278,0.745896,4.746667,13426.748000,165.966667
1999-07-01,1.317170,0.740374,5.093333,13604.771000,167.200000
1999-10-01,1.627354,0.734932,5.306667,13827.980000,168.433333
2000-01-01,0.362137,0.984648,5.676667,13878.147000,170.100000
2000-04-01,1.804901,0.780796,6.273333,14130.908000,171.433333
2000-07-01,0.101881,0.909713,6.520000,14145.312000,173.000000
2000-10-01,0.595264,0.710380,6.473333,14229.765000,174.233333
2001-01-01,-0.328337,0.952025,5.593333,14183.120000,175.900000
2001-04-01,0.622561,0.698709,4.326667,14271.694000,177.133333
2001-07-01,-0.401444,0.281876,3.496667,14214.516000,177.633333
2001-10-01,0.274399,-0.075089,2.133333,14253.574000,177.500000
2002-01-01,0.832881,0.318740,1.733333,14372.785000,178.066667
2002-04-01,0.610837,0.783148,1.750000,14460.848000,179.466667
2002-07-01,0.405687,0.537188,1.740000,14519.633000,180.433333
2002-10-01,0.123529,0.589429,1.443333,14537.580000,181.500000
2003-01-01,0.525260,1.023214,1.250000,14614.141000,183.366667
2003-04-01,0.881723,-0.163741,1.246667,14743.567000,183.066667
2003-07-01,1.649520,0.743768,1.016667,14988.782000,184.433333
2003-10-01,1.154037,0.378822,0.996667,15162.760000,185.133333
2004-01-01,0.565052,0.842676,1.003333,15248.680000,186.700000
2004-04-01,0.771965,0.782504,1.010000,15366.850000,188.166667
2004-07-01,0.944123,0.635708,1.433333,15512.619000,189.366667
2004-10-01,1.015039,1.068031,1.950000,15670.880000,191.400000
2005-01-01,1.103255,0.503779,2.470000,15844.727000,192.366667
2005-04-01,0.491415,0.673520,2.943333,15922.782000,193.666667
2005-07-01,0.780758,1.503274,3.460000,16047.587000,196.600000
2005-10-01,0.553979,0.928198,3.980000,16136.734000,198.433333
2006-01-01,1.336414,0.519395,4.456667,16353.835000,199.466667
2006-04-01,0.258419,0.898359,4.906667,16396.151000,201.266667
2006-07-01,0.149844,0.939593,5.246667,16420.738000,203.166667
2006-10-01,0.855778,-0.411016,5.246667,16561.866000,202.333333
2007-01-01,0.300384,0.975621,5.256667,16611.690000,204.317000
2007-04-01,0.609898,1.126188,5.250000,16713.314000,206.631000
2007-07-01,0.574373,0.631017,5.073333,16809.587000,207.939000
2007-10-01,0.626272,1.219179,4.496667,16915.191000,210.489667
2008-01-01,-0.427678,1.077364,3.176667,16843.003000,212.769667
2008-04-01,0.593663,1.292548,2.086667,16943.291000,215.537667
2008-07-01,-0.526642,1.530114,1.940000,16854.295000,218.861000
2008-10-01,-2.213341,-2.316823,0.506667,16485.350000,213.848667
2009-01-01,-1.141363,-0.690246,0.183333,16298.262000,212.377667
2009-04-01,-0.178811,0.530348,0.180000,16269.145000,213.507000
2009-07-01,0.350577,0.856713,0.156667,16326.281000,215.344000
2009-10-01,1.075114,0.779884,0.120000,16502.754000,217.030000
2010-01-01,0.483331,0.158378,0.133333,16582.710000,217.374000
2010-04-01,0.962935,-0.035276,0.193333,16743.162000,217.297333
2010-07-01,0.768127,0.292718,0.186667,16872.266000,217.934333
2010-10-01,0.523736,0.806463,0.186667,16960.864000,219.699000
2011-01-01,-0.237487,1.061563,0.156667,16920.632000,222.043667
2011-04-01,0.674304,1.130598,0.093333,17035.114000,224.568333
2011-07-01,-0.022315,0.649949,0.083333,17031.313000,226.032667
2011-10-01,1.116790,0.447898,0.073333,17222.583000,227.047333
2012-01-01,0.835094,0.561592,0.103333,17367.010000,228.326000
2012-04-01,0.445342,0.210879,0.153333,17444.525000,228.808000
2012-07-01,0.143924,0.450454,0.143333,17469.650000,229.841000
2012-10-01,0.115574,0.662751,0.160000,17489.852000,231.369333
2013-01-01,0.981726,0.401149,0.143333,17662.400000,232.299333
2013-04-01,0.267279,-0.109545,0.116667,17709.671000,232.045000
2013-07-01,0.847790,0.539386,0.083333,17860.450000,233.300000
2013-10-01,0.867964,0.369085,0.086667,18016.147000,234.162667
2014-01-01,-0.345693,0.620855,0.073333,17953.974000,235.621000
2014-04-01,1.283569,0.529674,0.093333,18185.911000,236.872333
2014-07-01,1.208065,0.255507,0.090000,18406.941000,237.478333
2014-10-01,0.504459,-0.248753,0.100000,18500.031000,236.888333
2015-01-01,0.896455,-0.649385,0.110000,18666.621000,235.355000
2015-04-01,0.617495,0.679634,0.123333,18782.243000,236.960000
2015-07-01,0.399446,0.376989,0.136667,18857.418000,237.855000
2015-10-01,0.184309,-0.007568,0.160000,18892.206000,237.837000
2016-01-01,0.577847,-0.062107,0.360000,19001.690000,237.689333
2016-04-01,0.320610,0.796602,0.373333,19062.709000,239.590333
2016-07-01,0.706886,0.423576,0.396667,19197.938000,240.607333
2016-10-01,0.552769,0.632776,0.450000,19304.352000,242.134667
2017-01-01,0.485709,0.701276,0.700000,19398.343000,243.838667
2017-04-01,0.558311,0.115310,0.950000,19506.949000,244.120000
2017-07-01,0.785432,0.476905,1.153333,19660.766000,245.287000
2017-10-01,1.120743,0.792383,1.203333,19882.352000,247.238333
2018-01-01,0.810119,0.839111,1.446667,20044.077000,249.321667
2018-04-01,0.529421,0.542934,1.736667,20150.476000,250.679000
2018-07-01,0.621760,0.401037,1.923333,20276.154000,251.686333
2018-10-01,0.141544,0.406294,2.220000,20304.874000,252.711000
2019-01-01,0.622377,0.266616,2.403333,20431.641000,253.385667
2019-04-01,0.831678,0.732031,2.396667,20602.275000,255.247333
2019-07-01,1.163210,0.329333,2.190000,20843.322000,256.089333
2019-10-01,0.679564,0.699904,1.643333,20985.448000,257.888000
2020-01-01,-1.325062,0.359844,1.260000,20709.212000,258.817667
2020-04-01,-8.204321,-0.980640,0.060000,19077.992000,256.292000
2020-07-01,7.475750,1.136613,0.093333,20558.879000,259.221667
2020-10-01,1.127139,0.718801,0.090000,20791.917000,261.091667
2021-01-01,1.502238,1.010106,0.080000,21106.619000,263.742333
2021-04-01,1.725980,1.806574,0.070000,21474.077000,268.550333
2021-07-01,0.777423,1.580931,0.090000,21641.672000,272.829667
2021-10-01,1.649628,2.154418,0.080000,22001.640000,278.771333
2022-01-01,-0.254660,2.176628,0.120000,21945.682000,284.905667
2022-04-01,0.139384,2.324316,0.770000,21976.292000,291.605333
2022-07-01,0.671611,1.310848,2.190000,22124.384000,295.453000
2022-10-01,0.667445,1.039974,3.653333,22272.546000,298.541667
2023-01-01,0.824481,0.896569,4.516667,22456.938000,301.230333
2023-04-01,0.535671,0.716918,4.990000,22577.556000,303.397667
2023-07-01,1.106641,0.850478,5.260000,22828.796000,305.989000
2023-10-01,0.891610,0.718355,5.330000,23033.250000,308.195000
2024-01-01,0.358511,0.907093,5.330000,23115.975000,311.003333
2024-04-01,0.879060,0.665725,5.330000,23320.074000,313.080667
2024-07-01,0.776078,0.331738,5.263333,23501.760000,314.121000
2024-10-01,0.593929,0.782193,4.650000,23641.759000,316.587667
2025-01-01,0.035752,0.907883,4.330000,23650.213000,319.475000
2025-04-01,0.986023,0.409417,4.330000,23884.563000,320.785667
2025-07-01,0.951735,0.760642,4.293333,24112.966000,323.235000
2025-10-01,0.051880,0.712723,3.896667,24125.479000,325.547000
2026-01-01,0.615309,0.785325,3.640000,24274.383000,328.113667
2026-04-01,0.548980,1.473635,3.633333,24408.011000,332.984667
